{"cameraMode":{"drawMode":0,"name":"Shaded","section":"Shading Mode"},"sceneLighting":true,"audioPlay":false,"sceneViewState":{"showFog":true,"showMaterialUpdate":true,"showSkybox":true,"showFlares":true,"showImageEffects":true,"showParticleSystems":true},"in2DMode":false,"pivot":{"x":195.57522583007813,"y":638.368896484375,"z":0.939453125},"rotation":{"x":0.01830875314772129,"y":0.0003099657187703997,"z":-0.000008169674401869997,"w":0.9998414516448975},"size":916.78125,"orthographic":false}